{
  "Araraquara": {
    "descricao": "Regional DMA - Araraquara",
    "quantidade": 17844,
    "valor_total": 32357552.119999997,
    "itens": 6046,
    "pdfs": [
      "ADM 0800100_0734_2025 de 30_09_2025.PDF",
      "ADM 0800100_0735_2025 de 30_09_2025.PDF",
      "ADM 0800100_0736_2025 de 30_09_2025.PDF",
      "ADM 0800100_0738_2025 de 30_09_2025.PDF",
      "ADM 0800100_0739_2025 de 30_09_2025.PDF",
      "ADM 0800100_0740_2025 de 30_09_2025.PDF",
      "ADM 0800100_0741_2025 de 30_09_2025.PDF",
      "ADM 0800100_0742_2025 de 30_09_2025.PDF",
      "ADM 0800100_0743_2025 de 30_09_2025.PDF"
    ]
  },
  "São Paulo": {
    "descricao": "DMA Ipiranga",
    "quantidade": 9386,
    "valor_total": 121035907.15999994,
    "itens": 7111,
    "pdfs": [
      "ADM 0800100_0744_2025 de 30_09_2025.PDF",
      "ADM 0800100_0745_2025 de 30_09_2025.PDF",
      "ADM 0800100_0746_2025 de 30_09_2025.PDF"
    ]
  },
  "Bauru": {
    "descricao": "Depósito DINAMO INTER-AGRICOLA LTDA",
    "quantidade": 4137,
    "valor_total": 9490797.199999996,
    "itens": 669,
    "pdfs": [
      "ADM 0800100_0733_2025 de 30_09_2025.PDF",
      "ADM 0800100_0747_2025 de 30092025.PDF"
    ]
  },
  "São José do Rio Preto": {
    "descricao": "SAPOL São José do Rio Preto",
    "quantidade": 616,
    "valor_total": 3616.83,
    "itens": 616,
    "pdfs": [
      "ADM 0800100_0737_2025 de 30_09_2025.PDF"
    ]
  }
}