{
  "total": {
    "aparelhos": 26697,
    "valor": 27884180.46
  },
  "por_recinto": {
    "Bauru": {
      "aparelhos": 15162,
      "valor": 14448890.075630695
    },
    "Araraquara": {
      "aparelhos": 880,
      "valor": 868039.2942227724
    },
    "São José": {
      "aparelhos": 601,
      "valor": 273810.1461201299
    },
    "Viracopos": {
      "aparelhos": 662,
      "valor": 1133033.1440264026
    },
    "Ipiranga": {
      "aparelhos": 9392,
      "valor": 11160407.8
    }
  }
}