{
  "total_aparelhos": 33215,
  "total_valor": 3909159.690000004,
  "distribuicao": {
    "Bauru": {
      "aparelhos": 17592,
      "valor": 881684.4300000006,
      "percentual": 52.96402227909077
    },
    "Araraquara": {
      "aparelhos": 4965,
      "valor": 127763.75000000003,
      "percentual": 14.94806563299714
    },
    "São José do Rio Preto": {
      "aparelhos": 601,
      "valor": 3616.83,
      "percentual": 1.8094234532590698
    },
    "Viracopos": {
      "aparelhos": 665,
      "valor": 425449.22,
      "percentual": 2.0021074815595363
    },
    "Ipiranga": {
      "aparelhos": 9392,
      "valor": 2470645.46,
      "percentual": 28.27638115309348
    }
  }
}